<domain type='kvm' id='100'>
  <name>i-A9B8C7D6</name>
  <uuid>12a345bc-67c8-901d-2e34-56f7g89012h3</uuid>
  <memory>524288</memory>
  <currentMemory>524288</currentMemory>
  <vcpu>1</vcpu>
  <os/>
  <features>
    <acpi/>
  </features>
  <clock offset='utc'/>
  <on_poweroff>destroy</on_poweroff>
  <on_reboot>restart</on_reboot>
  <on_crash>destroy</on_crash>
  <devices>
    <emulator>/usr/bin/kvm</emulator>
    <disk type='file' device='disk'>
      <source file='/var/lib/fakevirt/instances/i-A9B8C7D6/disk'/>
      <target dev='sda' bus='scsi'/>
    </disk>
    <interface type='bridge'>
      <mac address='a0:1b:c2:3d:4e:f5'/>
      <source bridge='fakebr2000'/>
      <target dev='vnet1'/>
      <model type='e1000'/>
    </interface>
  </devices>
</domain>
