{
    "admin_or_owner":  [["role:admin"], ["project_id:%(project_id)s"]],
    "default": [["rule:admin_or_owner"]],


    "compute:create": [],
    "compute:create:attach_network": [],
    "compute:create:attach_volume": [],
    "compute:get_all": [],


    "admin_api": [["role:admin"]],
    "compute_extension:accounts": [["rule:admin_api"]],
    "compute_extension:admin_actions": [["rule:admin_api"]],
    "compute_extension:admin_actions:pause": [["rule:admin_or_owner"]],
    "compute_extension:admin_actions:unpause": [["rule:admin_or_owner"]],
    "compute_extension:admin_actions:suspend": [["rule:admin_or_owner"]],
    "compute_extension:admin_actions:resume": [["rule:admin_or_owner"]],
    "compute_extension:admin_actions:lock": [["rule:admin_api"]],
    "compute_extension:admin_actions:unlock": [["rule:admin_api"]],
    "compute_extension:admin_actions:resetNetwork": [["rule:admin_api"]],
    "compute_extension:admin_actions:injectNetworkInfo": [["rule:admin_api"]],
    "compute_extension:admin_actions:createBackup": [["rule:admin_or_owner"]],
    "compute_extension:admin_actions:migrateLive": [["rule:admin_api"]],
    "compute_extension:admin_actions:resetState": [["rule:admin_api"]],
    "compute_extension:admin_actions:migrate": [["rule:admin_api"]],
    "compute_extension:aggregates": [["rule:admin_api"]],
    "compute_extension:certificates": [],
    "compute_extension:cloudpipe": [["rule:admin_api"]],
    "compute_extension:console_output": [],
    "compute_extension:consoles": [],
    "compute_extension:createserverext": [],
    "compute_extension:deferred_delete": [],
    "compute_extension:disk_config": [],
    "compute_extension:extended_server_attributes": [["rule:admin_api"]],
    "compute_extension:extended_status": [],
    "compute_extension:flavorextradata": [],
    "compute_extension:flavorextraspecs": [],
    "compute_extension:flavormanage": [["rule:admin_api"]],
    "compute_extension:floating_ip_dns": [],
    "compute_extension:floating_ip_pools": [],
    "compute_extension:floating_ips": [],
    "compute_extension:hosts": [["rule:admin_api"]],
    "compute_extension:hypervisors": [["rule:admin_api"]],
    "compute_extension:instance_usage_audit_log": [["rule:admin_api"]],
    "compute_extension:keypairs": [],
    "compute_extension:multinic": [],
    "compute_extension:networks": [["rule:admin_api"]],
    "compute_extension:networks:view": [],
    "compute_extension:quotas:show": [],
    "compute_extension:quotas:update": [["rule:admin_api"]],
    "compute_extension:quota_classes": [],
    "compute_extension:rescue": [],
    "compute_extension:security_groups": [],
    "compute_extension:server_diagnostics": [["rule:admin_api"]],
    "compute_extension:simple_tenant_usage:show": [["rule:admin_or_owner"]],
    "compute_extension:simple_tenant_usage:list": [["rule:admin_api"]],
    "compute_extension:users": [["rule:admin_api"]],
    "compute_extension:virtual_interfaces": [],
    "compute_extension:virtual_storage_arrays": [],
    "compute_extension:volumes": [],
    "compute_extension:volumetypes": [],


    "volume:create": [],
    "volume:get_all": [],
    "volume:get_volume_metadata": [],
    "volume:get_snapshot": [],
    "volume:get_all_snapshots": [],


    "volume_extension:types_manage": [["rule:admin_api"]],
    "volume_extension:types_extra_specs": [["rule:admin_api"]],


    "network:get_all_networks": [],
    "network:get_network": [],
    "network:delete_network": [],
    "network:disassociate_network": [],
    "network:get_vifs_by_instance": [],
    "network:allocate_for_instance": [],
    "network:deallocate_for_instance": [],
    "network:validate_networks": [],
    "network:get_instance_uuids_by_ip_filter": [],

    "network:get_floating_ip": [],
    "network:get_floating_ip_pools": [],
    "network:get_floating_ip_by_address": [],
    "network:get_floating_ips_by_project": [],
    "network:get_floating_ips_by_fixed_address": [],
    "network:allocate_floating_ip": [],
    "network:deallocate_floating_ip": [],
    "network:associate_floating_ip": [],
    "network:disassociate_floating_ip": [],

    "network:get_fixed_ip": [],
    "network:add_fixed_ip_to_instance": [],
    "network:remove_fixed_ip_from_instance": [],
    "network:get_instance_nw_info": [],

    "network:get_dns_domains": [],
    "network:add_dns_entry": [],
    "network:modify_dns_entry": [],
    "network:delete_dns_entry": [],
    "network:get_dns_entries_by_address": [],
    "network:get_dns_entries_by_name": [],
    "network:create_private_dns_domain": [],
    "network:create_public_dns_domain": [],
    "network:delete_dns_domain": []
}
